{
  "project_info": {
    "project_number": "331555916587",
    "firebase_url": "https://dropp-222807.firebaseio.com",
    "project_id": "dropp-222807",
    "storage_bucket": "dropp-222807.appspot.com"
  },
  "client": [
    {
      "client_info": {
        "mobilesdk_app_id": "1:331555916587:android:f0f8d6e88b801658",
        "android_client_info": {
          "package_name": "com.dropp.customer"
        }
      },
      "oauth_client": [
        {
          "client_id": "331555916587-uneaoghjfk2h73onun0ikr9mrjp7nrer.apps.googleusercontent.com",
          "client_type": 1,
          "android_info": {
            "package_name": "com.dropp.customer",
            "certificate_hash": "577a69cdb474bd5deb47b7a5d85e8152b478c28e"
          }
        },
        {
          "client_id": "331555916587-db6cqs2sctpd1tba04v6dfv6vh6c3e16.apps.googleusercontent.com",
          "client_type": 1,
          "android_info": {
            "package_name": "com.dropp.customer",
            "certificate_hash": "d0d2ffe92e6cb76fdc20f82a2afd317fcd336b0d"
          }
        },
        {
          "client_id": "331555916587-24rc9rlpal2703681kmqnr2i42clnjbd.apps.googleusercontent.com",
          "client_type": 3
        }
      ],
      "api_key": [
        {
          "current_key": "AIzaSyAAQjhIYGFjUmWcwou-lWBb8nQzJZdEGzk"
        }
      ],
      "services": {
        "appinvite_service": {
          "other_platform_oauth_client": [
            {
              "client_id": "331555916587-24rc9rlpal2703681kmqnr2i42clnjbd.apps.googleusercontent.com",
              "client_type": 3
            }
          ]
        }
      }
    },
    {
      "client_info": {
        "mobilesdk_app_id": "1:331555916587:android:b7effd67982beb17",
        "android_client_info": {
          "package_name": "com.dropp.driver"
        }
      },
      "oauth_client": [
        {
          "client_id": "331555916587-f3fkgpmingt3ein0i29254vjchonae5p.apps.googleusercontent.com",
          "client_type": 1,
          "android_info": {
            "package_name": "com.dropp.driver",
            "certificate_hash": "be01865411a0e27b5b70c6fce08c20642e2be091"
          }
        },
        {
          "client_id": "331555916587-24rc9rlpal2703681kmqnr2i42clnjbd.apps.googleusercontent.com",
          "client_type": 3
        }
      ],
      "api_key": [
        {
          "current_key": "AIzaSyAAQjhIYGFjUmWcwou-lWBb8nQzJZdEGzk"
        }
      ],
      "services": {
        "appinvite_service": {
          "other_platform_oauth_client": [
            {
              "client_id": "331555916587-24rc9rlpal2703681kmqnr2i42clnjbd.apps.googleusercontent.com",
              "client_type": 3
            }
          ]
        }
      }
    },
    {
      "client_info": {
        "mobilesdk_app_id": "1:331555916587:android:bbd69f5690579c68fcd36e",
        "android_client_info": {
          "package_name": "com.dropp.droppdelivery"
        }
      },
      "oauth_client": [
        {
          "client_id": "331555916587-24rc9rlpal2703681kmqnr2i42clnjbd.apps.googleusercontent.com",
          "client_type": 3
        }
      ],
      "api_key": [
        {
          "current_key": "AIzaSyAAQjhIYGFjUmWcwou-lWBb8nQzJZdEGzk"
        }
      ],
      "services": {
        "appinvite_service": {
          "other_platform_oauth_client": [
            {
              "client_id": "331555916587-24rc9rlpal2703681kmqnr2i42clnjbd.apps.googleusercontent.com",
              "client_type": 3
            }
          ]
        }
      }
    },
    {
      "client_info": {
        "mobilesdk_app_id": "1:331555916587:android:2271d8de7128648dfcd36e",
        "android_client_info": {
          "package_name": "com.dropp.merchant"
        }
      },
      "oauth_client": [
        {
          "client_id": "331555916587-24rc9rlpal2703681kmqnr2i42clnjbd.apps.googleusercontent.com",
          "client_type": 3
        }
      ],
      "api_key": [
        {
          "current_key": "AIzaSyAAQjhIYGFjUmWcwou-lWBb8nQzJZdEGzk"
        }
      ],
      "services": {
        "appinvite_service": {
          "other_platform_oauth_client": [
            {
              "client_id": "331555916587-24rc9rlpal2703681kmqnr2i42clnjbd.apps.googleusercontent.com",
              "client_type": 3
            }
          ]
        }
      }
    }
  ],
  "configuration_version": "1"
}